{
	"info": {
		"_postman_id": "8b133577-d597-4113-a573-f90d356a0804",
		"name": "Biblioteca",
		"schema": "https://schema.getpostman.com/json/collection/v2.1.0/collection.json"
	},
	"item": [
		{
			"name": "Autor",
			"item": [
				{
					"name": "GET Autor",
					"request": {
						"method": "GET",
						"header": [],
						"url": {
							"raw": "http://localhost:8080/Autor",
							"protocol": "http",
							"host": [
								"localhost"
							],
							"port": "8080",
							"path": [
								"Autor"
							]
						}
					},
					"response": []
				},
				{
					"name": "GET Autor by ID",
					"request": {
						"method": "GET",
						"header": [],
						"url": {
							"raw": "http://localhost:8080/Autor/2",
							"protocol": "http",
							"host": [
								"localhost"
							],
							"port": "8080",
							"path": [
								"Autor",
								"2"
							]
						}
					},
					"response": []
				},
				{
					"name": "POST Autor",
					"request": {
						"method": "POST",
						"header": [],
						"url": {
							"raw": "http://localhost:8080/Autor",
							"protocol": "http",
							"host": [
								"localhost"
							],
							"port": "8080",
							"path": [
								"Autor"
							]
						}
					},
					"response": []
				}
			]
		},
		{
			"name": "Livros",
			"item": []
		},
		{
			"name": "Editoras",
			"item": []
		}
	]
}